Label;Repo
Semantic web;https://github.com/AKSW/OntoWiki
Semantic web;https://github.com/baskaufs/guid-o-matic
Semantic web;https://github.com/aldonline/fbrs
Semantic web;https://github.com/yyz1989/NoSPA-RDF-Data-Cube-Validator
Semantic web;https://github.com/AKSW/ShacShifter
Semantic web;https://github.com/alangrafu/lodspeakr
Semantic web;https://github.com/Robsteranium/csvwr
Semantic web;https://github.com/linkeddata/warp
Semantic web;https://github.com/gbv/dso
Semantic web;https://github.com/d2rq/r2rml-kit
Semantic web;https://github.com/boricles/geometry2rdf
Semantic web;https://github.com/mmlab/TurtleValidator
Semantic web;https://github.com/lukostaz/shi3ld-http
Semantic web;https://github.com/sparkica/LODGrefine
Semantic web;https://github.com/rdfjs
Semantic web;https://github.com/notruthless/csv2rdf
Semantic web;https://github.com/larsga/Duke
Semantic web;https://github.com/nkons/r2rml-parser
Semantic web;https://github.com/esbranson/any2rdf
Semantic web;https://github.com/balhoff/whelk
Semantic web;https://github.com/oeg-upm/morph-kgc
Semantic web;https://github.com/phillord/horned-owl
Semantic web;https://github.com/Swirrl/matcha
Semantic web;https://github.com/sage-org/sage-engine
Semantic web;https://github.com/epimorphics/IntervalServer
Semantic web;https://github.com/arc-lasalle/AutoMap4OBDA
Semantic web;https://github.com/gushakov/sparql-template
Semantic web;https://github.com/RMLio/rmlmapper-java
Semantic web;https://github.com/AKSW/HiBISCuS
Semantic web;https://github.com/Swirrl/csv2rdf
Semantic web;https://github.com/abcoates/sublime-text-turtle-sparql
Semantic web;https://github.com/mff-uk/ODCS
Semantic web;https://github.com/earthquakesan/fox-py
Semantic web;https://github.com/MM2-0/rdf4a
Semantic web;https://github.com/edsu/csvw-template
Semantic web;https://github.com/linkeddata/rabel
Semantic web;https://github.com/SANSA-Stack/SANSA-RDF
Semantic web;https://github.com/spy16/fabric
Semantic web;https://github.com/semagrow
Semantic web;https://github.com/isl/XML2RDF-DataTransformation-MappingTool
Semantic web;https://github.com/paulhoule/infovore
Semantic web;https://github.com/marklogic/semantic
Semantic web;https://github.com/joepio/atomic-data-browser
Semantic web;https://github.com/sebferre/sparklis
Semantic web;https://github.com/wikibus/rdf.vocabularies
Semantic web;https://github.com/AKSW/Sparqlify
Semantic web;https://github.com/KnowledgeCaptureAndDiscovery/OBA/
Semantic web;https://github.com/wwaites/linkedspatialindex
Semantic web;https://github.com/totogo/awesome-knowledge-graph
Semantic web;github.com/semantalytics/awesome-ontologies
Semantic web;https://github.com/tingletech/jena-joseki
Semantic web;https://github.com/thomsonreuters/CM-Well
Semantic web;https://github.com/AKSW/SemanticPingback
Semantic web;https://github.com/djogopatrao/SPARQLFederator
Semantic web;https://github.com/TheOntologist/OntoVerbal
Semantic web;https://github.com/owlcs/owlapitools
Semantic web;https://github.com/Luzzu/Framework/
Semantic web;https://github.com/seebi/semweb.vim
Semantic web;https://github.com/stardog-union/stardog.js
Semantic web;https://github.com/uzh/triplerush
Semantic web;https://github.com/creativesoftwarefdn/weaviate
Semantic web;https://github.com/oeg-upm/OME
Semantic web;https://github.com/epimorphics/qonsole
Semantic web;https://github.com/camwebb/owlconvert
Semantic web;https://github.com/AKSW/xodx
Semantic web;https://github.com/oeg-upm/gtfs-bench
Semantic web;https://github.com/blokhin/genealogical-trees
Semantic web;https://github.com/lyrasis/docker-blazegraph
Semantic web;https://github.com/arc-lasalle/Map-On
Semantic web;https://github.com/uzh/signal-collect-torque
Semantic web;https://github.com/DerwenAI/kglab/
Semantic web;https://github.com/rdflib/RDFlib/
Semantic web;https://github.com/luposdate/luposdate
Semantic web;https://github.com/webid-community/webid-spec
Semantic web;https://github.com/INCATools/ontology-development-kit/
Semantic web;https://github.com/wallix/triplestore
Semantic web;https://github.com/oxigraph/rio
Semantic web;https://github.com/konradreiche/jtriple
Semantic web;https://github.com/jpcik/morph-starter
Semantic web;https://github.com/dotnetrdf/dotnetrdf
Semantic web;https://github.com/frmichel/morph-xr2rml
Semantic web;https://github.com/guiveg/rdfsurveyor
Semantic web;https://github.com/schlegel/balloon
Semantic web;https://github.com/opencube-toolkit/OpenCube-Expander
Semantic web;https://github.com/AKSW/Sparqlify-Extensions
Semantic web;https://github.com/angelo-v/groovyrdf
Semantic web;https://github.com/eBay/akutan
Semantic web;https://github.com/labra/shaclex
Semantic web;https://github.com/pchampin/ld-patch-py
Semantic web;https://github.com/AKSW/RDFUnit/
Semantic web;https://github.com/schimatos/schimatos.org/
Semantic web;https://github.com/rollxx/antlr-sparql-grammar
Semantic web;https://github.com/antoniogarrote/clj-plaza
Semantic web;https://github.com/usc-isi-i2/Web-Karma
Semantic web;https://github.com/Merck/Halyard
Semantic web;https://github.com/aschaetzle/Sempala
Semantic web;https://github.com/hectorcorrea/ldpserver
Semantic web;https://github.com/klaussinani/awesome-prolog
Semantic web;https://github.com/mhgrove/cp-common-utils
Semantic web;https://github.com/ontop/ontop
Semantic web;https://github.com/Claudenw/JenaSecurity
Semantic web;https://github.com/metreeca
Semantic web;https://github.com/avicomp/ont-api
Semantic web;https://github.com/ontola/rdf-serializers
Semantic web;https://github.com/CLARIAH/grlc
Semantic web;https://github.com/timrdf/csv2rdf4lod-automation
Semantic web;https://github.com/peterjohnlawrence/com.inova8.lens.framework.v4
Semantic web;https://github.com/dgarijo/Widoco
Semantic web;https://github.com/cosminbasca/cysparql
Semantic web;https://github.com/pkumod/gStore
Semantic web;https://github.com/Accenture/AmpliGraph
Semantic web;https://github.com/yasarkhangithub/SAFE
Semantic web;https://github.com/egonw/rrdf
Semantic web;https://github.com/blazegraph/blazegraph-samples
Semantic web;https://github.com/leipert/vsb
Semantic web;https://github.com/kasei/kineo/
Semantic web;https://github.com/njh/redstore
Semantic web;https://github.com/dice-group/qamel
Semantic web;https://github.com/albertmeronyo/LSD-Dimensions
Semantic web;https://github.com/ktym/d3sparql
Semantic web;https://github.com/itm/decentsparql
Semantic web;https://github.com/sparksrdf/sparks
Semantic web;https://github.com/albertmeronyo/docker2rdf
Semantic web;https://github.com/R2RML-api/R2RML-api
Semantic web;https://github.com/owlcs/owlapi
Semantic web;https://github.com/factsmission/psps
Semantic web;https://github.com/cgutteridge/TripleChecker
Semantic web;https://github.com/LITMUS-Benchmark-Suite/sparql-to-gremlin/
Semantic web;https://github.com/phenoscape/scowl
Semantic web;https://github.com/AKSW/ORE
Semantic web;https://github.com/sebneu/csvw-parser
Semantic web;https://github.com/architolk/Linked-Data-Theatre
Semantic web;https://github.com/gbv/ssso
Semantic web;https://github.com/drobilla/sord
Semantic web;https://github.com/linkeddata/rdflib.js
Semantic web;https://github.com/gtfierro/reasonable
Semantic web;https://github.com/RubenVerborgh/LDflex
Semantic web;https://github.com/plt-tud/r43ples
Semantic web;https://github.com/cumulusrdf/cumulusrdf
Semantic web;https://github.com/sidewinderlabs/xlwrap
Semantic web;https://github.com/klinovp/owlproofs
Semantic web;https://github.com/lorenae/qb4olap
Semantic web;https://github.com/kasei/swift-hdt
Semantic web;https://github.com/peta/turtle.tmbundle
Semantic web;https://github.com/gklyne/asqc
Semantic web;https://github.com/kasei/SPARQLKit
Semantic web;https://github.com/DataFabricRus/datastudio-sparql-connector
Semantic web;https://github.com/AKSW/FOX
Semantic web;https://github.com/d2rq/d2rq
Semantic web;https://github.com/clarkparsia/csv2rdf
Semantic web;https://github.com/sparql-generate/sparql-generate
Semantic web;https://github.com/OpenTriply/YASGUI.legacy
Semantic web;https://github.com/andrewdbate/Sequoia
Semantic web;https://github.com/arachne-framework/aristotle
Semantic web;https://github.com/oxigraph/oxigraph
Semantic web;https://github.com/cosminbasca/rdftools
Semantic web;https://github.com/cgutteridge/ntcat
Semantic web;https://github.com/dice-group/IGUANA
Semantic web;https://github.com/ameingast/sesame-spring
Semantic web;https://github.com/TSO-Openup/FlintSparqlEditor
Semantic web;https://github.com/ucbl/HyLAR-Reasoner
Semantic web;https://github.com/streamreasoning/TripleWave
Semantic web;https://github.com/rollxx/manchester-syntax-owl2
Semantic web;https://github.com/jimregan/wordnet-lemon-to-w3c
Semantic web;https://github.com/iherman/canonical_rdf
Semantic web;https://github.com/zorino/docker-blazegraph
Semantic web;https://github.com/AtomGraph/CSV2RDF
Semantic web;https://github.com/arces-wot/SEPA
Semantic web;https://github.com/smiy/orderedlistonto
Semantic web;https://github.com/nisavid/pyrdb2rdf
Semantic web;https://github.com/josd/eye
Semantic web;https://github.com/cgutteridge/PHP-SPARQL-Lib
Semantic web;https://github.com/comunica/comunica
Semantic web;https://github.com/stoewer/fluent-sparql
Semantic web;https://github.com/AtomGraph/Processor
Semantic web;https://github.com/kasei/kineo
Semantic web;https://github.com/castagna/hbase-rdf
Semantic web;https://github.com/bblfish/foafssl-java
Semantic web;https://github.com/theodi/linked-csv-browser
Semantic web;https://github.com/cygri/pubby
Semantic web;https://github.com/gh-rdf3x/gh-rdf3x
Semantic web;https://github.com/dice-group/CostFed
Semantic web;https://github.com/castagna/GeoARQ
Semantic web;https://github.com/jsonld-java/jsonld-java
Semantic web;https://github.com/amgadmadkour/sparti
Semantic web;https://github.com/marklogic/sparql2xquery
Semantic web;https://github.com/ldp4j/ldp4j
Semantic web;https://github.com/myGrid/RightField
Semantic web;https://github.com/CMU-Q/DREAM
Semantic web;https://github.com/goerlitz/rdffederator
Semantic web;https://github.com/sindresorhus/awesome
Semantic web;https://github.com/semsol/arc2/wiki
Semantic web;https://github.com/utapyngo/owl2vcs
Semantic web;https://github.com/D2KLab/sparql-transformer
Semantic web;https://github.com/antoniogarrote/rdfstore-js
Semantic web;https://github.com/deiu/rdf2go
Semantic web;https://github.com/ropensci/rdflib
Semantic web;https://github.com/AKSW/SparqlAnalytics
Semantic web;https://github.com/RENCI-NRIG/gleen
Semantic web;https://github.com/tarql/tarql
Semantic web;https://github.com/ruby-rdf/rdf-tabular
Semantic web;https://github.com/theodi/csv2rdf
Semantic web;https://github.com/SmartDataAnalytics/Beast
Semantic web;https://github.com/dice-group/DEER
Semantic web;https://github.com/weblyzard/streaming-sparql
Semantic web;https://github.com/webr3/js3
Semantic web;https://github.com/castagna/EARQ
Semantic web;https://github.com/IBCNServices/StreamingMASSIF
Semantic web;https://github.com/jpcik/morph
Semantic web;https://github.com/fletcher91/link-redux/
Semantic web;https://github.com/renespeck/fox-java
Semantic web;https://github.com/OpenRefine/grefine-rdf-extension
Semantic web;https://github.com/garlik/4store
Semantic web;https://github.com/blake-regalia/linked-data.syntaxes
Semantic web;https://github.com/vocol/vocol
Semantic web;https://github.com/djimloic/XR2RML
Semantic web;https://github.com/sisinflab-swot/ldp-coap-framework
Semantic web;https://github.com/AKSW/RDFUnit
Semantic web;https://github.com/dajobe/rasqal
Semantic web;https://github.com/KNowledgeOnWebScale/unshacled
Semantic web;https://github.com/liveontologies/elk-reasoner
Semantic web;https://github.com/RDFLib/graph-pattern-learner
Semantic web;https://github.com/levelgraph/levelgraph
Semantic web;https://github.com/RubenVerborgh/N3.js
Semantic web;https://github.com/specgen/specgen
Semantic web;https://github.com/cygri/prefix.cc
Semantic web;https://github.com/lambdamusic/Ontospy
Semantic web;https://github.com/RMLio/yarrrml-parser
Semantic web;https://github.com/anapsid/anapsid
Semantic web;https://github.com/apache/tinkerpop/tree/master/sparql-gremlin
Semantic web;https://github.com/ontola/rdfdev-js
Semantic web;https://github.com/semantifyit/RocketRML
Semantic web;https://github.com/ljos/sparql-mode
Semantic web;https://github.com/renxiangnan/strider
Semantic web;https://github.com/amgadmadkour/knowledgecubes
Semantic web;https://web.archive.org/web/20180627155808/https://github.com/dice-group/triplestore-benchmarks
Semantic web;https://github.com/Callidon/sparql-engine
Semantic web;https://github.com/njh/bbedit-turtle
Semantic web;https://github.com/sspider/etalis
Semantic web;https://github.com/kbss-cvut/jb4jsonld-jackson
Semantic web;https://github.com/jpcik/morph-web
Semantic web;https://github.com/sparkica/dbpedia-extension
Semantic web;https://github.com/ropensci/jsonld
Semantic web;https://github.com/rdfostrich/ostrich
Semantic web;https://github.com/owlcs/ont-api
Semantic web;https://github.com/rdf-pipeline
Semantic web;https://github.com/magnetik/node-webid
Semantic web;https://github.com/ML-Schema/core
Semantic web;https://github.com/knakk/rdf2rdf
Semantic web;https://github.com/Swirrl/grafter
Semantic web;https://github.com/Callidon/pyHDT
Semantic web;https://github.com/levelgraph/levelgraph-n3
Semantic web;https://github.com/UCLALibrary/fester
Semantic web;https://github.com/anno4j/anno4j
Semantic web;https://github.com/anqit/spanqit
Semantic web;https://github.com/lukostaz/prissma-studio
Semantic web;https://github.com/OpenLinkSoftware/GeoSPARQLBenchmark
Semantic web;https://github.com/Timpy/Glimmer
Semantic web;https://github.com/ruby-rdf/rdf-reasoner
Semantic web;https://github.com/stardog-union/pinto
Semantic web;https://github.com/ryankohl/seabass
Semantic web;https://github.com/dkmfbk/rdfpro
Semantic web;https://github.com/ncbo/umls2rdf
Semantic web;https://github.com/joshsh/ripple
Semantic web;https://github.com/castagna/SARQ
Semantic web;https://github.com/jbmusso/awesome-graph
Semantic web;https://github.com/ncarboni/awesome-GLAM-semweb
Semantic web;https://github.com/SmartDataAnalytics/jena-sparql-api
Semantic web;https://github.com/Claudenw/PA4RDF
Semantic web;https://github.com/RDFLib/rdflib
Semantic web;https://github.com/paulhoule/gastrodon
Semantic web;https://github.com/Data-Liberation-Front/csvlint.rb
Semantic web;https://github.com/swirrl/table2qb
Semantic web;https://github.com/jsonresume/resume-schema
Semantic web;https://github.com/MakoLab/RomanticWeb
Semantic web;https://github.com/mmlab/Git2PROV
Semantic web;https://github.com/marcelotto/rdf-ex
Semantic web;https://github.com/lukostaz/prissma
Semantic web;https://github.com/dfleischhacker/owl-functional-syntax-axiom-parser
Semantic web;https://github.com/zazuko/d3-sparql/
Semantic web;https://github.com/sisinflab-swot/cowl
Semantic web;https://github.com/carml/carml
Semantic web;https://github.com/blake-regalia/graphy.js
Semantic web;https://github.com/mifeet/LD-FusionTool
Semantic web;https://github.com/rsgoncalves/module-extractor
Semantic web;https://github.com/AKSW/IGUANA
Semantic web;https://github.com/banana-rdf/banana-rdf
Semantic web;https://github.com/alangrafu/visualRDF
Semantic web;https://github.com/semantalytics/stardog-ubuntu-scripts
Semantic web;https://github.com/Data2Semantics/fox-ui
Semantic web;https://github.com/innoq/iqvoc
Semantic web;https://github.com/lanthaler/HydraConsole
Semantic web;https://github.com/wastl/rdfdot
Semantic web;https://github.com/nick-manasys/zeppelin-sparql
Semantic web;https://github.com/surroundaustralia/VocExcel
Semantic web;https://github.com/daedafusion/cyber-ontology
Semantic web;https://github.com/usc-isi-i2/ontology-visualization
Semantic web;https://github.com/TopQuadrant/shacl
Semantic web;https://github.com/semarglproject/semargl
Semantic web;https://github.com/RMLio
Semantic web;https://github.com/tomatophantastico/sparqlmap
Semantic web;https://github.com/mhausenblas/mrlin
Semantic web;https://github.com/antoniogarrote/json-ld-macros
Semantic web;https://github.com/openlink/virtuoso-opensource
Semantic web;https://github.com/CarbonLDP
Semantic web;https://github.com/agubichev/rdf3x_path
Semantic web;https://github.com/dajobe/raptor
Semantic web;https://github.com/zazuko/rdf-vocabularies
Semantic web;https://github.com/davideceolin/rcsvw
Semantic web;https://github.com/lobid/lodmill
Semantic web;https://github.com/yahoo/anthelion
Semantic web;https://github.com/JeniT/linked-csv
Semantic web;https://github.com/rdf2h/rdf2h
Semantic web;https://github.com/ldodds/dowl
Semantic web;https://github.com/mu-semtech
Semantic web;https://github.com/INCATools/dosdp-tools/
Semantic web;https://github.com/stkenny/grefine-rdf-extension/releases/tag/v1.1.0
Semantic web;https://github.com/gniezen/n3pygments
Semantic web;https://github.com/alangrafu/turtle-in-html
Semantic web;https://github.com/cavendish-ldp/cavendish
Semantic web;https://github.com/CLARIAH/COW
Semantic web;https://github.com/pchampin/sophia_rs
Semantic web;https://github.com/VladimirAlexiev/rdf2rml
Semantic web;https://github.com/lanthaler/HydraClient
Semantic web;https://github.com/srdc/ontmalizer
Semantic web;https://github.com/dschulten/hydra-java
Semantic web;https://github.com/drlivingston/kr
Semantic web;https://github.com/architolk/Linked-Data-Studio
Semantic web;https://github.com/protegeproject/sparql-dl-api
Semantic web;https://github.com/mhgrove/cp-openrdf-utils
Semantic web;https://github.com/castagna/tdbloader4
Semantic web;https://github.com/fhamdi/GeomRDF
Semantic web;https://github.com/OpenTriply/YASGUI
Semantic web;https://github.com/drobilla/serd
Semantic web;https://github.com/gjhiggins/RDFAlchemy
Semantic web;https://github.com/LinkedBrainz/MusicBrainz-R2RML
Semantic web;https://github.com/ontodia-org/ontodia
Semantic web;https://github.com/knakk/fenster
Semantic web;https://github.com/nelson-ai/semantic-graphql
Semantic web;https://github.com/epimorphics/elda
Semantic web;https://github.com/EIS-Bonn/iRap
Semantic web;https://github.com/AKSW/QuitStore
Semantic web;https://github.com/GeoKnow/LinkedGeoData
Semantic web;https://github.com/AKSW/cubeviz.ontowiki
Semantic web;https://github.com/Claudenw/jdbc4sparql
Semantic web;https://github.com/bblfish/sommer
Semantic web;https://github.com/webr3/rdf.js
Semantic web;https://github.com/tkurz/sesame-vocab-builder
Semantic web;https://github.com/TrOWL
Semantic web;https://github.com/WileyLabs/askos
Semantic web;https://github.com/scholtzan/rdf-rs
Semantic web;https://github.com/VeritasOS/fedx
Semantic web;https://github.com/vandenoever/rome
Semantic web;https://github.com/jiemakel/visu
Semantic web;https://github.com/mdesalvo/RDFSharp
Semantic web;https://github.com/KMax/cqels
Semantic web;https://github.com/fafalios/sparql-ld
Semantic web;https://github.com/newres/aesopica
Semantic web;https://github.com/Quetzal-RDF/quetzal
Semantic web;https://github.com/ssrangan/gm-sparql
Semantic web;https://github.com/benjimor/odmtp-tpf
Semantic web;https://github.com/RDFLib/OWL-RL
Semantic web;https://github.com/vim-scripts/sparql.vim
Semantic web;https://github.com/correndo/mediation
Semantic web;https://github.com/AKSW/AutoSPARQL
Semantic web;https://github.com/robstewart57/hsparql
Semantic web;https://github.com/kasei/URITemplate
Semantic web;https://github.com/Wimmics/gephi-semantic-web-import
Semantic web;https://github.com/kbss-cvut/jopa
Semantic web;https://github.com/tenforce/SPARQL-parser
Semantic web;https://github.com/gatemezing/MMOntologies
Semantic web;https://github.com/joachimvh/SPARQLAlgebra.js
Semantic web;https://github.com/Galigator/openllet
Semantic web;https://github.com/sindice/sparqled
Semantic web;https://github.com/read-write-web/rww-play
Semantic web;https://github.com/ad-freiburg/QLever
Semantic web;https://github.com/theodi/csv2json
Semantic web;https://github.com/dbiir/jdbc-for-rdf3x
Semantic web;https://github.com/zazuko/trifid
Semantic web;https://github.com/solid/solid-spec
Semantic web;https://github.com/cmungall/sparqlprog
Semantic web;https://github.com/streamreasoning/CSPARQL-engine
Semantic web;https://github.com/kurtjx/SNORQL
Semantic web;https://github.com/semantalytics/awesome-semantic-web/issues/81
Semantic web;https://github.com/nxparser/nxparser
Semantic web;https://github.com/eea/sparql-client
Semantic web;https://github.com/semantic-integration/hypergraphql
Semantic web;https://github.com/SemWebCentral/parliament
Semantic web;https://github.com/metreeca/link
Semantic web;https://github.com/rdflib/pyLDAPI
Semantic web;https://github.com/AKSW/SPARQL2NL
Semantic web;https://github.com/ontola/ontologies
Semantic web;https://github.com/kasei/swift-serd
Semantic web;https://github.com/stardog-union/pellet
Semantic web;https://github.com/tkurz/squebi
Semantic web;https://github.com/mnot/sparta/
Semantic web;https://github.com/opensemanticsearch
Semantic web;https://github.com/ont-app/igraph
Semantic web;https://github.com/nichtich/wdq
Semantic web;https://github.com/awslabs/amazon-neptune-tools
Semantic web;https://github.com/EBIBioSamples/java2rdf
Semantic web;https://github.com/wikier/djubby
Semantic web;https://github.com/Omer/vim-sparql
Semantic web;https://github.com/mro/librdf.sqlite
Semantic web;https://github.com/joshsh/rdfagents
Semantic web;https://github.com/edumbill/doap
Semantic web;https://github.com/lambdamusic/Sparql-cli
Semantic web;https://github.com/common-workflow-language/schema_salad
Semantic web;https://github.com/tomayac/ldf-client
Semantic web;https://github.com/hyrise/hyrise
Semantic web;https://github.com/protegeproject/snap-sparql-query
Semantic web;https://github.com/netage/carml-cli
Semantic web;https://github.com/linkedpipes/etl
Semantic web;https://github.com/mommi84/Mandolin
Semantic web;https://github.com/bblfish/xwiki
Semantic web;https://github.com/lanthaler/Hydra
Semantic web;https://github.com/digitalbazaar/webid-demo
Semantic web;https://github.com/albertmeronyo/SPARQL2Git
Semantic web;https://github.com/GeoKnow/TripleGeo
Semantic web;https://github.com/SPARQL-Anything/sparql.anything
Semantic web;https://github.com/SwissDataScienceCenter/calamus
Semantic web;https://github.com/mcollina/levelgraph-jsonld
Semantic web;https://github.com/castagna/jena-grande
Semantic web;https://github.com/opensemanticsearch/solr-ontology-tagger
Semantic web;https://github.com/cosminbasca/jvmrdftools
Semantic web;https://github.com/opencube-toolkit/tarql-component
Semantic web;https://github.com/pebbie/triplify
Semantic web;https://github.com/AKSW/GeoLift
Semantic web;https://github.com/dajobe/librdf
Semantic web;https://github.com/Cognonto/kbpedia
Semantic web;https://github.com/knakk/rdf
Semantic web;https://github.com/modelfabric/reactive-sparql
Semantic web;https://github.com/mattnathan/sparql4idea
Semantic web;https://github.com/vastix/blazegraph-service
Semantic web;https://github.com/robstewart57/rdf4h
Semantic web;https://github.com/apseyed/SemantGeo
Semantic web;https://github.com/the-open-university/basil
Semantic web;https://github.com/simonjupp/java-skos-api
Semantic web;https://github.com/sparna-git/Sparnatural
Semantic web;https://github.com/protegeproject/swrlapi
Semantic web;https://github.com/chrdebru/r2rml
Semantic web;https://github.com/ontola/hextuples
Semantic web;https://github.com/jpcik/srbench
Semantic web;https://github.com/linkeddata/gold
Semantic web;https://github.com/SDM-TIB/SDM-RDFizer
Semantic web;https://github.com/SDM-TIB/FunMap
Semantic web;https://github.com/antidot/db2triples
Semantic web;https://github.com/phillord/tawny-owl
Semantic web;https://github.com/motools
Semantic web;https://github.com/BorderCloud/TFT
Semantic web;https://github.com/newsreader/eso-and-ceo
Semantic web;https://github.com/OnroerendErfgoed/atramhasis
Semantic web;https://github.com/ethz-asl/libfactplusplus
Semantic web;https://github.com/RDFLib/sparqlwrapper
Semantic web;https://github.com/AKSW/QuitDiff
Semantic web;https://github.com/heuer/cassa
Semantic web;https://github.com/dajobe/redland-bindings
Semantic web;https://github.com/stain/profilechecker
Semantic web;https://github.com/wbsg/ldif
Semantic web;https://github.com/sertkaya/elephant-reasoner
Semantic web;https://github.com/OnToology/OnToology
Semantic web;https://github.com/lanthaler/HydraBundle
Semantic web;https://github.com/RDFLib/geosparql-dggs
Semantic web;https://github.com/jpcik/morph-streams
Semantic web;https://github.com/nicholashauschild/kotlin-rdf
Semantic web;https://github.com/mhgrove/Empire/
Semantic web;https://github.com/stardog-union/stardog-groovy
Semantic web;https://github.com/jeeger/ttl-mode
Semantic web;https://github.com/rdf-ext/rdf-ext
Semantic web;https://github.com/rdflib/pyLODE/
Semantic web;https://github.com/mhgrove/Imperium
Semantic web;https://github.com/uzh/signal-collect
Semantic web;https://github.com/RDFLib/pySHACL
Semantic web;https://github.com/white-gecko/TriplePlace
Semantic web;https://github.com/lorenae/qb4olap-tools
Semantic web;https://github.com/aidhog/blabel/
Semantic web;https://github.com/Remixman/Vedas
Semantic web;https://github.com/wwaites/vocab-transit
Semantic web;https://github.com/rubensworks/jsonld-streaming-parser.js
Semantic web;https://github.com/UMKC-BigDataLab/RIQ
Semantic web;https://github.com/edmcouncil/rdf-toolkit
Semantic web;https://github.com/cosminbasca/surfrdf
Semantic web;https://github.com/ldodds/geonames
Semantic web;https://github.com/white-gecko/jekyll-rdf
Semantic web;https://github.com/RDFLib/VocPrez/
Semantic web;https://github.com/semantalytics/awesome-semantic-web/issues/74
Semantic web;https://github.com/shaoxiongji/awesome-knowledge-graph
Semantic web;https://github.com/RubenVerborgh/SPARQL.js/
Semantic web;https://github.com/sputniq-space/ontodia
Semantic web;https://github.com/wbsg/sieve
Semantic web;https://github.com/AKSW/rocker
Semantic web;https://github.com/julianmendez/cel
Semantic web;https://github.com/jindrichmynarz/sparql-to-csv
Semantic web;https://github.com/hsolbrig/PyShEx
Semantic web;https://github.com/ropensci/redland-bindings
Semantic web;https://github.com/trellis-ldp/trellis
Semantic web;https://github.com/AKSW/NSpM
Semantic web;https://github.com/peterjohnlawrence/com.inova8.odata2sparql.v4
Semantic web;https://github.com/IKCAP/wings
Semantic web;https://github.com/clarkparsia/sparql-proxy
Semantic web;https://github.com/AtomGraph/Web-Client
Semantic web;https://github.com/Data2Semantics/TabLinker
Semantic web;https://github.com/egonw/jqudt
Semantic web;https://github.com/kasei/swift-sparql-syntax
Semantic web;https://github.com/jindrichmynarz/sparqlab
Semantic web;https://github.com/joshsh/sesametools
Semantic web;https://github.com/magnetik/tac
Semantic web;https://github.com/apache/marmotta
Semantic web;https://github.com/kbss-cvut/jb4jsonld
Semantic web;https://github.com/dvcama/LodLive
Semantic web;https://github.com/bblfish/keygenapp
Semantic web;https://github.com/zazuko/d3-sparql
Semantic web;https://github.com/cyberborean/rdfbeans
Semantic web;https://github.com/Wimmics/corese
Semantic web;https://github.com/mdesalvo/RDFSharp.Semantics
Semantic web;https://github.com/seebi/rdf.sh
Semantic web;https://github.com/uzh/katts
Semantic web;https://github.com/agazzarini/SolRDF
Semantic web;https://github.com/fluentdesk/FRESCA
Big data;https://github.com/tinkerpop/gremlin
Big data;https://github.com/gojek/feast
Big data;https://github.com/vinta/awesome-python
Big data;https://github.com/ankane/blazer
Big data;https://github.com/benedekrozemberczki/littleballoffur
Big data;https://github.com/boltdb/bolt
Big data;https://github.com/HumbleSoftware/envisionjs
Big data;https://github.com/nathanmarz/elephantdb
Big data;https://github.com/benpickles/peity
Big data;https://github.com/taosdata/TDengine/
Big data;https://github.com/Sdogruyol/awesome-ruby
Big data;https://github.com/scikit-learn/scikit-learn
Big data;https://github.com/pinterest/secor
Big data;https://github.com/polyaxon/polyaxon
Big data;https://github.com/cbd/edis
Big data;https://github.com/linkedin-sna/sna-page/tree/master/krati
Big data;https://github.com/VCNC/haeinsa
Big data;https://github.com/sonalgoyal/hiho
Big data;https://github.com/etsy/Conjecture
Big data;https://github.com/benedekrozemberczki/awesome-decision-tree-papers
Big data;https://github.com/etsy/411
Big data;https://github.com/rayokota/kareldb
Big data;https://github.com/cswinter/LocustDB
Big data;https://github.com/danielsdeleo/Decider
Big data;https://github.com/deeplearning4j/nd4j
Big data;https://github.com/salesforce/Argus
Big data;https://github.com/druid-io/druid/
Big data;https://github.com/materializeinc/materialize
Big data;https://github.com/facebook/bistro
Big data;https://github.com/linkedin/gobblin
Big data;https://github.com/benedekrozemberczki/awesome-monte-carlo-tree-search-papers
Big data;https://github.com/twitter/fatcache
Big data;https://github.com/chrislusf/seaweedfs
Big data;https://github.com/Microsoft/GraphEngine
Big data;https://github.com/theano
Big data;https://github.com/addthis/hydra
Big data;https://github.com/deeplearning4j/DataVec
Big data;https://github.com/apache/pulsar
Big data;https://github.com/deeplearning4j
Big data;https://github.com/google/leveldb
Big data;https://github.com/getredash/redash
Big data;https://github.com/Treode/store
Big data;https://github.com/cockroachdb/cockroach
Big data;https://github.com/skizzehq/skizze
Big data;https://github.com/Pardot/Rhombus
Big data;https://github.com/ml-tooling/ml-workspace
Big data;https://github.com/CartoDB/cartodb
Big data;https://github.com/pingcap/tidb
Big data;https://github.com/krotik/eliasdb
Big data;https://github.com/gazette/core
Big data;https://github.com/matplotlib/matplotlib
Big data;https://github.com/twitter/storehaus
Big data;https://github.com/paulhoule/infovore
Big data;https://github.com/apache/incubator-slider
Big data;https://github.com/ottogroup/schedoscope
Big data;https://github.com/linkedin/ambry
Big data;https://github.com/gephi/gephi
Big data;https://github.com/facebookresearch/faiss
Big data;https://github.com/kairosdb/kairosdb
Big data;https://github.com/shunfei/indexr
Big data;https://github.com/Bobris/BTDB
Big data;https://github.com/JohnLangford/vowpal_wabbit/wiki
Big data;https://github.com/ziadoz/awesome-php
Big data;https://github.com/plotly/plotly.js
Big data;https://github.com/Netflix/PigPen
Big data;https://github.com/linkedin/cleo
Big data;https://github.com/snowplow/snowplow
Big data;https://github.com/jacomyal/sigma.js
Big data;https://github.com/SWIMProjectUCB/SWIM/wiki
Big data;https://github.com/amplab/velox-modelserver
Big data;https://github.com/chihming/awesome-network-embedding
Big data;https://github.com/cayleygraph/cayley
Big data;https://github.com/mozilla-services/heka
Big data;https://github.com/benedekrozemberczki/awesome-graph-classification
Big data;https://github.com/gchq/Gaffer
Big data;https://github.com/rescrv/HyperDex
Big data;https://github.com/probcomp/BayesDB
Big data;https://github.com/griddb/griddb_nosql
Big data;https://github.com/mesosphere/marathon
Big data;https://github.com/samizdatco/arbor
Big data;https://github.com/tarantool/tarantool
Big data;https://github.com/UnderstandLingBV/Tuktu
Big data;https://github.com/twitter/scalding
Big data;https://github.com/rackerlabs/blueflood
Big data;https://github.com/numenta/nupic
Big data;https://github.com/pivotalsoftware/PivotalR
Big data;https://github.com/LucidWorks/banana
Big data;https://github.com/spring-projects/spring-xd
Big data;https://github.com/renecannao/proxysql
Big data;https://github.com/twitter/summingbird
Big data;https://github.com/datasalt/pangool
Big data;https://github.com/airbnb/airpal
Big data;https://github.com/biokoda/actordb
Big data;https://github.com/NationalSecurityAgency/timely
Big data;https://github.com/fchollet/keras
Big data;https://github.com/jhuckaby/Cronicle
Big data;https://github.com/IBMStreams/streamsx.topology
Big data;https://github.com/okfn/recline
Big data;https://github.com/benedekrozemberczki/awesome-community-detection
Big data;https://github.com/sindresorhus/awesome
Big data;https://github.com/improbable-eng/thanos
Big data;https://github.com/facebookincubator/beringei
Big data;https://github.com/apache/spark/tree/master/sql
Big data;https://github.com/Codecademy/EventHub
Big data;https://github.com/metabase/metabase
Big data;https://github.com/rudderlabs/rudder-server
Big data;https://github.com/dgraph-io/dgraph
Big data;https://github.com/tensorflow/tensorflow
Big data;https://github.com/twitter/twemcache
Big data;https://github.com/allegro/hermes
Big data;https://github.com/Freeboard/freeboard
Big data;https://github.com/apache/incubator-airflow
Big data;https://github.com/Netflix/suro
Big data;https://github.com/BIDData/BIDMach
Big data;https://github.com/strapdata/elassandra
Big data;https://github.com/tidwall/buntdb
Big data;https://github.com/johnsonc/lambdo
Big data;https://github.com/transceptor-technology/siridb-server
Big data;https://github.com/facebookarchive/scribe
Big data;https://github.com/apache/incubator-superset
Big data;https://github.com/ZEPL/zeppelin
Big data;https://github.com/CSNW/d3.compose
Big data;https://github.com/tidwall/summitdb
Big data;https://github.com/benedekrozemberczki/karateclub
Big data;https://github.com/bayandin/awesome-awesomeness
Big data;https://github.com/influxdata/kapacitor
Big data;https://github.com/awesomedata/awesome-public-datasets
Big data;https://github.com/damballa/parkour
Big data;https://github.com/benedekrozemberczki/awesome-gradient-boosting-papers
Big data;https://github.com/tidwall/tile38
Big data;https://github.com/marty90/netlytics/
Big data;https://github.com/zrosenbauer/awesome-bigtable
Big data;https://github.com/Yelp/elastalert
Big data;https://github.com/krestenkrab/hanoidb
Big data;https://github.com/twitter/heron
Big data;https://github.com/twitter/elephant-bird
Big data;https://github.com/senseidb/zoie
Big data;https://github.com/adobe-research/spindle
Big data;https://github.com/WeBankFinTech/Linkis
Big data;https://github.com/pingcap/tikv
Big data;https://github.com/karpathy/convnetjs
Big data;https://github.com/caskdata/tephra
Big data;https://github.com/baidu/tera
Big data;https://github.com/skale-me/skale-engine
Big data;https://github.com/papertrail/kestrel
Big data;https://github.com/radlab/sparrow
Big data;https://github.com/semi-technologies/weaviate
Big data;https://github.com/benedekrozemberczki/shapley
Big data;https://github.com/deroproject/graviton
Big data;https://github.com/h2oai/h2o-3/
Big data;https://github.com/benedekrozemberczki/pytorch_geometric_temporal
Big data;https://github.com/Netflix/atlas
Big data;https://github.com/streamsets/datacollector
Big data;https://github.com/spotify/luigi
Big data;https://github.com/nikolaypavlov/MLPNeuralNet
Big data;https://github.com/xslogic/phoebus
Big data;https://github.com/dagster-io/dagster
Big data;https://github.com/deeplearning4j/dl4j-benchmark
Big data;https://github.com/ray-project/ray
Big data;https://github.com/OryxProject/oryx
Big data;https://github.com/spotify/annoy
Big data;https://github.com/benedekrozemberczki/awesome-fraud-detection-papers
Big data;https://github.com/akumuli/Akumuli
Big data;https://github.com/intel-hadoop/HiBench
Big data;https://github.com/baidu/bfs
Big data;https://github.com/t3chnoboy/awesome-awesome-awesome
Big data;https://github.com/kotobukki/BDA/
Big data;https://github.com/rakam-io/rakam
Big data;https://github.com/pilosa/pilosa
Big data;https://github.com/twitter/twemproxy
Big data;https://github.com/twitter-archive/flockdb
Big data;https://github.com/smooks/smooks
Big data;https://github.com/jnv/lists
Big data;https://github.com/monksy/awesome-kafka
Big data;https://github.com/ufukomer/bloomery
Big data;https://github.com/square/cubism
Big data;https://github.com/caskdata/tigon
Big data;https://github.com/ecomfe/echarts
Big data;https://github.com/jakekgrog/GhostDB
Big data;https://github.com/YugaByte/yugabyte-db
Big data;https://github.com/linkedin/white-elephant
Big data;https://github.com/onurakpolat/awesome-analytics
Big data;https://github.com/infinidb/infinidb/
Big data;https://github.com/VictoriaMetrics/VictoriaMetrics
Big data;https://github.com/gionkunz/chartist-js
Big data;https://github.com/bloomberg/comdb2
Big data;https://github.com/basho/riak
Big data;https://github.com/Hydrospheredata/mist
Big data;https://github.com/uber/AthenaX
Big data;https://github.com/mara/data-integration
Big data;https://github.com/WeBankFinTech/DataSphereStudio
Big data;https://github.com/linkedin/kamikaze
Big data;https://github.com/harthur/brain
Big data;https://github.com/torch
Big data;https://github.com/vega/vega
Big data;https://github.com/dalmatinerdb/dalmatinerdb
Big data;https://github.com/deeplearning4j/rl4j
Big data;https://github.com/plotly/dash
Big data;https://github.com/SnappyDataInc/snappydata
C C++;https://github.com/facebook/folly
C C++;https://github.com/grit-engine/grit-engine
C C++;https://github.com/awslabs/s2n
C C++;https://github.com/kaldi-asr/kaldi
C C++;https://github.com/GameTechDev/GTS-GamesTaskScheduler
C C++;https://github.com/kokkos/kokkos
C C++;https://github.com/adishavit/argh
C C++;https://github.com/clibs/clib
C C++;https://github.com/facebook/buck
C C++;https://github.com/kokke/tiny-AES-c
C C++;https://github.com/pybind/pybind11
C C++;https://github.com/boostcon/cppnow_presentations_2019
C C++;https://github.com/KratosMultiphysics/Kratos
C C++;https://github.com/google/tink
C C++;https://github.com/orlp/pdqsort
C C++;https://github.com/mackron/dr_libs
C C++;https://github.com/projectchrono/chrono
C C++;https://github.com/paulftw/hiberlite
C C++;https://github.com/keybuk/libnih
C C++;https://github.com/edenhill/librdkafka
C C++;https://github.com/jeaye/stdman
C C++;https://github.com/Immediate-Mode-UI/Nuklear
C C++;https://github.com/HSA-Libraries/Bolt
C C++;https://github.com/oatpp/oatpp
C C++;https://github.com/jeaye/value-category-cheatsheet
C C++;https://github.com/trilinos/Trilinos
C C++;https://github.com/micropython/micropython
C C++;https://github.com/pytorch/pytorch
C C++;https://github.com/vinniefalco/LuaBridge
C C++;https://github.com/algorithm-ninja/cpp-btree
C C++;https://github.com/mackron/miniaudio
C C++;https://github.com/libuv/libuv
C C++;https://github.com/antirez/sds
C C++;https://github.com/boostcon/cppnow_presentations_2018
C C++;https://github.com/hyperrealm/libconfig
C C++;https://github.com/SFML/SFML
C C++;https://github.com/wang-bin/QtAV
C C++;https://github.com/Stiffstream/restinio
C C++;https://github.com/Dead2/zlib-ng
C C++;https://github.com/basiliscos/cpp-rotor
C C++;https://github.com/msgpack/msgpack-c
C C++;https://github.com/ekg/vcflib
C C++;https://github.com/seladb/PcapPlusPlus
C C++;https://github.com/szi/vartypes
C C++;https://github.com/urho3d/Urho3D
C C++;https://github.com/SuperV1234/cppcon2014
C C++;https://github.com/microsoft/vcpkg
C C++;https://github.com/vlfeat/vlfeat
C C++;https://github.com/libharu/libharu
C C++;https://github.com/David-Haim/concurrencpp
C C++;https://github.com/antirez/linenoise
C C++;https://github.com/cbeck88/visit_struct
C C++;https://github.com/anrieff/libcpuid
C C++;https://github.com/jemalloc/jemalloc
C C++;https://github.com/martinus/robin-hood-hashing
C C++;https://github.com/iboB/dynamix
C C++;https://github.com/boostcon/cppnow_presentations_2015
C C++;https://github.com/rizsotto/Bear
C C++;https://github.com/odygrd/quill
C C++;https://github.com/johnmcfarlane/cnl/
C C++;https://github.com/arrayfire/arrayfire
C C++;https://github.com/cython/cython
C C++;https://github.com/openresty/sregex
C C++;https://github.com/VerbalExpressions/QtVerbalExpressions
C C++;https://github.com/warmcat/libwebsockets
C C++;https://github.com/Rookfighter/inifile-cpp
C C++;https://github.com/davidmoreno/onion
C C++;https://github.com/p-ranav/pprint
C C++;https://github.com/reaktoro/reaktoro
C C++;https://github.com/uNetworking/uWebSockets
C C++;https://github.com/slint-ui/slint
C C++;https://github.com/civetweb/civetweb
C C++;https://github.com/NVIDIA/nccl
C C++;https://github.com/boazsegev/facil.io
C C++;https://github.com/koanlogic/libu
C C++;https://github.com/google/benchmark
C C++;https://github.com/assimp/assimp
C C++;https://github.com/vinipsmaker/tufao
C C++;https://github.com/p-ranav/csv2
C C++;https://github.com/lballabio/quantlib
C C++;https://github.com/happy-sea-fox/sail
C C++;https://github.com/cdcseacave/TinyEXIF
C C++;https://github.com/boostorg
C C++;https://github.com/memononen/nanovg
C C++;https://github.com/DPDK/dpdk
C C++;https://github.com/gansm/finalcut
C C++;https://github.com/Celtoys/Remotery
C C++;https://github.com/meekrosoft/fff
C C++;https://github.com/ComputationalRadiationPhysics/alpaka
C C++;https://github.com/NVlabs/cub
C C++;https://github.com/cplusplus
C C++;https://github.com/erikd/libsndfile/
C C++;https://github.com/alandefreitas/matplotplusplus
C C++;https://github.com/daniele77/cli
C C++;https://github.com/NASA-SW-VnV/ikos
C C++;https://github.com/Stiffstream/sobjectizer
C C++;https://github.com/DanBloomberg/leptonica
C C++;https://github.com/ukoethe/vigra
C C++;https://github.com/bloomen/transwarp
C C++;https://github.com/SRombauts/SQLiteCpp
C C++;https://github.com/Dobiasd/FunctionalPlus
C C++;https://github.com/bfgroup/Lyra
C C++;https://github.com/RSIA-LIESMARS-WHU/LSHBOX
C C++;https://github.com/grpc/grpc
C C++;https://github.com/skywind3000/kcp/blob/master/README.en.md
C C++;https://github.com/VerbalExpressions/CppVerbalExpressions
C C++;https://github.com/taocpp/json
C C++;https://github.com/Dobiasd/frugally-deep
C C++;https://github.com/SergiusTheBest/plog
C C++;https://github.com/jedisct1/libhydrogen
C C++;https://github.com/szcom/rnnlib
C C++;https://github.com/cinemast/libjson-rpc-cpp
C C++;https://github.com/ETLCPP/etl
C C++;https://github.com/jeremyong/klein
C C++;https://github.com/greg7mdp/sparsepp
C C++;https://github.com/felixguendling/cista
C C++;https://github.com/lammps/lammps
C C++;https://github.com/cesanta/frozen
C C++;https://github.com/eyalroz/cuda-api-wrappers
C C++;https://github.com/xtaci/algorithms
C C++;https://github.com/EbookFoundation/free-programming-books/blob/main/books/free-programming-books-langs.md#c
C C++;https://github.com/ntop/PF_RING
C C++;https://github.com/dropbox/json11
C C++;https://github.com/vincenthz/libjson
C C++;https://github.com/gabime/spdlog
C C++;https://github.com/boostcon/cppnow_presentations_2017
C C++;https://github.com/mattgodbolt/seasocks
C C++;https://github.com/Microsoft/ChakraCore
C C++;https://github.com/zserge/jsmn
C C++;https://github.com/google/styleguide
C C++;https://github.com/intel/hyperscan
C C++;https://github.com/protocolbuffers/upb
C C++;https://github.com/recastnavigation/recastnavigation
C C++;https://github.com/m-a-d-n-e-s-s/madness
C C++;https://github.com/netcan/config-loader
C C++;https://github.com/cesanta/v7
C C++;https://github.com/fenbf/AwesomePerfCpp
C C++;https://github.com/liuliu/ccv
C C++;https://github.com/danielaparker/jsoncons
C C++;https://github.com/lz4/lz4
C C++;https://github.com/vstakhov/libucl
C C++;https://github.com/lsalzman/enet
C C++;https://github.com/gracicot/kangaru
C C++;https://github.com/google/googletest
C C++;https://github.com/sheredom/json.h
C C++;https://github.com/jakogut/tinyvm
C C++;https://github.com/ryanmjacobs/c
C C++;https://github.com/nghttp2/nghttp2
C C++;https://github.com/chrismanning/jbson
C C++;https://github.com/cesanta/slre
C C++;https://github.com/amzeratul/halley
C C++;https://github.com/tbenthompson/cppimport
C C++;https://github.com/vhf/free-programming-books
C C++;https://github.com/CrowCpp/Crow
C C++;https://github.com/leethomason/tinyxml2
C C++;https://github.com/continental/ecal
C C++;https://github.com/cisco/openh264
C C++;https://github.com/rism-ch/verovio
C C++;https://github.com/jimmiebergmann/mini-yaml
C C++;https://github.com/deplinenoise/tundra
C C++;https://github.com/flashlight/flashlight
C C++;https://github.com/udp/json-parser
C C++;https://github.com/libjpeg-turbo/libjpeg-turbo
C C++;https://github.com/jll63/yomm2
C C++;https://github.com/MariadeAnton/MiLi
C C++;https://github.com/aigamedev/btsk
C C++;https://github.com/marzer/tomlplusplus
C C++;https://github.com/renatoGarcia/icecream-cpp
C C++;https://github.com/Sarcasm/irony-mode
C C++;https://github.com/3Hren/blackhole
C C++;https://github.com/intel/parallelstl
C C++;https://github.com/bloomberg/quantum
C C++;https://github.com/MengRao/fmtlog
C C++;https://github.com/precice/precice
C C++;https://github.com/zeromq/libzmq
C C++;https://github.com/Celtoys/clReflect
C C++;https://github.com/glfw/glfw
C C++;https://github.com/h2o/picohttpparser
C C++;https://github.com/jbeder/yaml-cpp
C C++;https://github.com/orangeduck/tgc
C C++;https://github.com/CppCon/CppCon2014
C C++;https://github.com/chenshuo/muduo
C C++;https://github.com/mattreecebentley/plf_colony
C C++;https://github.com/libav/libav
C C++;https://github.com/gromacs/gromacs
C C++;https://github.com/cesanta/mongoose
C C++;https://github.com/weidai11/cryptopp
C C++;https://github.com/google/liquidfun
C C++;https://github.com/google/re2
C C++;https://github.com/CppCon/CppCon2019
C C++;https://github.com/pinam45/dynamic_bitset
C C++;https://github.com/o3de/o3de
C C++;https://github.com/nanomsg/nanomsg
C C++;https://github.com/danmar/cppcheck
C C++;https://github.com/julianstorer/JUCE
C C++;https://github.com/strukturag/libde265
C C++;https://github.com/MaciejCzyzewski/retter
C C++;https://github.com/autodiff/autodiff
C C++;https://github.com/jonasmr/microprofile
C C++;https://github.com/GarageGames/Torque3D
C C++;https://github.com/kkos/oniguruma
C C++;https://github.com/ChaiScript/ChaiScript/
C C++;https://github.com/jsoysouvanh/Refureku
C C++;https://github.com/OneLoneCoder/olcPixelGameEngine
C C++;https://github.com/mongodb/mongo-cxx-driver
C C++;https://github.com/Samsung/veles
C C++;https://github.com/google/brotli
C C++;https://github.com/foonathan/memory
C C++;https://github.com/facebook/wdt
C C++;https://github.com/Microsoft/bond
C C++;https://github.com/MaximAbramchuck/awesome-interviews
C C++;https://github.com/andlabs/libui
C C++;https://github.com/apache/incubator-mxnet
C C++;https://github.com/erincatto/Box2D
C C++;https://github.com/rjpcomputing/ticpp
C C++;https://github.com/papers-we-love/papers-we-love
C C++;https://github.com/trytouca/touca-cpp
C C++;https://github.com/panda3d/panda3d
C C++;https://github.com/libnonius/nonius
C C++;https://github.com/mosra/magnum
C C++;https://github.com/MediaArea/MediaInfoLib
C C++;https://github.com/cquery-project/cquery/
C C++;https://github.com/boostcon/cppnow_presentations_2012
C C++;https://github.com/fffaraz/awesome-cpp/blob/master/books.md
C C++;https://github.com/xianyi/OpenBLAS
C C++;https://github.com/s9w/oof
C C++;https://github.com/CppCon/CppCon2016
C C++;https://github.com/TonicAudio/Tonic
C C++;https://github.com/LiveAsynchronousVisualizedArchitecture/simdb
C C++;https://github.com/yhirose/cpp-httplib
C C++;https://github.com/bulletphysics/bullet3
C C++;https://github.com/yue/yue
C C++;https://github.com/DigitalInBlue/Celero
C C++;https://github.com/log4cplus/log4cplus
C C++;https://github.com/sheredom/utest.h
C C++;https://github.com/taywee/args
C C++;https://github.com/jlaine/qdjango/
C C++;https://github.com/oneapi-src/oneDNN
C C++;https://github.com/jarro2783/cxxopts
C C++;https://github.com/DiligentGraphics/DiligentEngine
C C++;https://github.com/zorgnax/libtap
C C++;https://github.com/louisdx/cxx-prettyprint
C C++;https://github.com/lieff/minimp3
C C++;https://github.com/martinh/libconfuse
C C++;https://github.com/TileDB-Inc/TileDB
C C++;https://github.com/CLIUtils/CLI11
C C++;https://github.com/dbartolini/crown
C C++;https://github.com/rui314/8cc
C C++;https://github.com/epezent/implot
C C++;https://github.com/swig/swig
C C++;https://github.com/tekknolagi/carp
C C++;https://github.com/mjansson/rpmalloc
C C++;https://github.com/mattreecebentley/plf_indiesort
C C++;https://github.com/waf-project/waf
C C++;https://github.com/sindresorhus/awesome
C C++;https://github.com/vincentlaucsb/csv-parser
C C++;https://github.com/andrewrk/libsoundio
C C++;https://github.com/msteinbeck/tinyspline
C C++;https://github.com/goossaert/hashmap
C C++;https://github.com/pearu/simple-rpc-cpp
C C++;https://github.com/datenwolf/linmath.h
C C++;https://github.com/boostorg/beast
C C++;https://github.com/idealvin/cocoyaxi
C C++;https://github.com/arangodb/linenoise-ng
C C++;https://github.com/ithewei/libhv
C C++;https://github.com/JosephP91/curlcpp
C C++;https://github.com/aantron/better-enums
C C++;https://github.com/ZigRazor/CXXGraph
C C++;https://github.com/nodejs/http-parser
C C++;https://github.com/pjreddie/darknet
C C++;https://github.com/USCiLab/cereal
C C++;https://github.com/Tencent/ncnn
C C++;https://github.com/the-tcpdump-group/libpcap
C C++;https://github.com/bayandin/awesome-awesomeness
C C++;https://github.com/lpereira/lwan
C C++;https://github.com/cossacklabs/themis
C C++;https://github.com/ThePhD/sol2
C C++;https://github.com/NVIDIAGameWorks/PhysX-3.4
C C++;https://github.com/gongminmin/KlayGE
C C++;https://github.com/emilk/loguru
C C++;https://github.com/d-SEAMS/seams-core
C C++;https://github.com/cpgf/cpgf
C C++;https://github.com/rakshasa/libtorrent
C C++;https://github.com/codeplea/tinyexpr
C C++;https://github.com/dmlc/xgboost
C C++;https://github.com/mongodb/libbson
C C++;https://github.com/RichieSams/FiberTaskingLib
C C++;https://github.com/SOCI/soci
C C++;https://github.com/Andersbakken/rtags
C C++;https://github.com/ermig1979/Simd
C C++;https://github.com/ndevilla/iniparser
C C++;https://github.com/badaix/popl
C C++;https://github.com/VcDevel/Vc
C C++;https://github.com/p-ranav/tabulate
C C++;https://github.com/hugoam/toy
C C++;https://github.com/lloyd/yajl
C C++;https://github.com/amrayn/easyloggingpp
C C++;https://github.com/ggerganov/imtui
C C++;https://github.com/bkaradzic/bgfx
C C++;https://github.com/mattreecebentley/plf_list
C C++;https://github.com/cr-marcstevens/sha1collisiondetection
C C++;https://github.com/luca3m/redis3m
C C++;https://github.com/bloomberg/bde
C C++;https://github.com/orangeduck/Corange
C C++;https://github.com/gameplay3d/GamePlay
C C++;https://github.com/boostcon/cppnow_presentations_2016
C C++;https://github.com/h2o/h2o
C C++;https://github.com/adamstark/AudioFile
C C++;https://github.com/caryll/otfcc
C C++;https://github.com/raysan5/raylib
C C++;https://github.com/tplgy/cppcodec
C C++;https://github.com/jeaye/jeayeson
C C++;https://github.com/mrtazz/restclient-cpp
C C++;https://github.com/pfultz2/cget
C C++;https://github.com/fffaraz/awesome-cpp/blob/master/CONTRIBUTING.md
C C++;https://github.com/jnv/lists
C C++;https://github.com/khizmax/libcds
C C++;https://github.com/SqliteModernCpp/sqlite_modern_cpp
C C++;https://github.com/ThrowTheSwitch/Unity
C C++;https://github.com/apolukhin/magic_get
C C++;https://github.com/Microsoft/CNTK
C C++;https://github.com/avati/libevil
C C++;https://github.com/skypjack/entt
C C++;https://github.com/bittorrent/libutp
C C++;https://github.com/benhoyt/inih
C C++;https://github.com/torch/torch7
C C++;https://github.com/arvidn/libtorrent
C C++;https://github.com/Neargye/magic_enum
C C++;https://github.com/skypjack/meta
C C++;https://github.com/Organic-Code/Breep
C C++;https://github.com/libffi/libffi
C C++;https://github.com/horde3d/Horde3D
C C++;https://github.com/fragglet/c-algorithms
C C++;https://github.com/AshampooSystems/boden
C C++;https://github.com/catchorg/Catch2
C C++;https://github.com/regehr/ub-canaries
C C++;https://github.com/nlohmann/json
C C++;https://github.com/c-ares/c-ares
C C++;https://github.com/bytedeco/javacpp
C C++;https://github.com/volt-software/ichor
C C++;https://github.com/etr/libhttpserver
C C++;https://github.com/deplinenoise/ig-debugheap
C C++;https://github.com/mlpack/mlpack
C C++;https://github.com/micknoise/Maximilian
C C++;https://github.com/BVLC/caffe
C C++;https://github.com/facebookresearch/flashlight
C C++;https://github.com/include-what-you-use/include-what-you-use
C C++;https://github.com/PointCloudLibrary/pcl
C C++;https://github.com/libigl/libigl
C C++;https://github.com/mono/CppSharp
C C++;https://github.com/ibireme/yyjson
C C++;https://github.com/boostorg/compute
C C++;https://github.com/OpenImageIO/oiio
C C++;https://github.com/uriparser/uriparser
C C++;https://github.com/boostcon/cppnow_presentations_2014
C C++;https://github.com/facebook/proxygen
C C++;https://github.com/tiny-dnn/tiny-dnn
C C++;https://github.com/google/glog
C C++;https://github.com/michaelrsweet/mxml
C C++;https://github.com/skypjack/uvw
C C++;https://github.com/fffaraz/awesome-cpp/graphs/contributors
C C++;https://github.com/wdas/partio
C C++;https://github.com/gvinciguerra/PGM-index
C C++;https://github.com/jll63/yomm11
C C++;https://github.com/AmokHuginnsson/replxx
C C++;https://github.com/facebookresearch/wav2letter/
C C++;https://github.com/vanderlin/ofxBox2d
C C++;https://github.com/treefrogframework/treefrog-framework
C C++;https://github.com/blend2d/blend2d
C C++;https://github.com/xelatihy/yocto-gl
C C++;https://github.com/CopernicaMarketingSoftware/PHP-CPP
C C++;https://github.com/google/leveldb
C C++;https://github.com/google/flatbuffers
C C++;https://github.com/CppCon/CppCon2018
C C++;https://github.com/sustrik/libdill/
C C++;https://github.com/Bhupesh-V/30-seconds-of-cpp
C C++;https://github.com/CertiVox/MIRACL
C C++;https://github.com/yandex/pire
C C++;https://github.com/cameron314/concurrentqueue
C C++;https://github.com/openframeworks/openFrameworks
C C++;https://github.com/slembcke/Chipmunk2D
C C++;https://github.com/ocornut/imgui
C C++;https://github.com/fffaraz/awesome-cpp/blob/master/videos.md
C C++;https://github.com/spring/spring
C C++;https://github.com/davisking/dlib
C C++;https://github.com/GHamrouni/Recommender
C C++;https://github.com/Tessil/hopscotch-map
C C++;https://github.com/concurrencykit/ck
C C++;https://github.com/kerukuro/digestpp
C C++;https://github.com/rttrorg/rttr
C C++;https://github.com/libclsph/libclsph
C C++;https://github.com/mrpt/mrpt/
C C++;https://github.com/libsigcplusplus/libsigcplusplus
C C++;https://github.com/chadaustin/sajson
C C++;https://github.com/CobaltFusion/DebugViewPP
C C++;https://github.com/nanomsg/nng
C C++;https://github.com/wmcbrine/PDCurses
C C++;https://github.com/kthohr/stats
C C++;https://github.com/boostcon/cppnow_presentations_2013
C C++;https://github.com/Amanieu/asyncplusplus
C C++;https://github.com/walkerje/C-Turtle
C C++;https://github.com/Equilibrium-Games/Acid
C C++;https://github.com/jech/dht
C C++;https://github.com/facebook/libphenom
C C++;https://github.com/mikke89/RmlUi
C C++;https://github.com/sourcey/libsourcey
C C++;https://github.com/meta-toolkit/meta
C C++;https://github.com/cpp-netlib/uri
C C++;https://github.com/open-source-parsers/jsoncpp
C C++;https://github.com/taglib/taglib
C C++;https://github.com/google/googletest/blob/master/googlemock/README.md
C C++;https://github.com/rtv/Stage
C C++;https://github.com/capnproto/capnproto
C C++;https://github.com/mattreecebentley/plf_stack
C C++;https://github.com/karan/Projects
C C++;https://github.com/gammasoft71/xtd
C C++;https://github.com/pocoproject
C C++;https://github.com/GameFoundry/bsf
C C++;https://github.com/Tessil/robin-map
C C++;https://github.com/nothings/stb
C C++;https://github.com/uncrustify/uncrustify
C C++;https://github.com/zaphoyd/websocketpp
C C++;https://github.com/xtensor-stack/xtensor
C C++;https://github.com/openssl/openssl
C C++;https://github.com/CGAL/cgal
C C++;https://github.com/mtcp-stack/mtcp
C C++;https://github.com/xhawk18/promise-cpp
C C++;https://github.com/eduardsui/tlse
C C++;https://github.com/STEllAR-GROUP/hpx/
C C++;https://github.com/rikyoz/bit7z
C C++;https://github.com/solodon4/Mach7
C C++;https://github.com/gaudecker/qt-json
C C++;https://github.com/cjlin1/libsvm
C C++;https://github.com/taocpp/PEGTL
C C++;https://github.com/iauns/cpm
C C++;https://github.com/kgabis/parson
C C++;https://github.com/ClickHouse/clickhouse-cpp
C C++;https://github.com/jcupitt/libvips
C C++;https://github.com/tomtom-international/cpp-dependencies
C C++;https://github.com/Kigs-framework/kigs
C C++;https://github.com/nothings/stb/blob/master/stb_image.h
C C++;https://github.com/NativeInstruments/ni-media
C C++;https://github.com/OpenXRay/xray-16
C C++;https://github.com/onqtam/doctest
C C++;https://github.com/dmlc/minerva
C C++;https://github.com/CppCon/CppCon2017
C C++;https://github.com/martinmoene/ring-span-lite
C C++;https://github.com/rxi/dyad
C C++;https://github.com/preshing/junction
C C++;https://github.com/sgorsten/linalg
C C++;https://github.com/fraillt/bitsery
C C++;https://www.github.com/ruslo/hunter
C C++;https://github.com/miloyip/rapidjson
C C++;https://github.com/cpplint/cpplint
C C++;https://github.com/EbookFoundation/free-programming-books/blob/main/books/free-programming-books-langs.md#cpp
C C++;https://github.com/mongodb/mongo-c-driver
C C++;https://github.com/boost-experimental/ut
C C++;https://github.com/emeryberger/Hoard
C C++;https://github.com/b-k/apophenia
C C++;https://github.com/cpputest/cpputest
C C++;https://github.com/open-watcom
C C++;https://github.com/Qihoo360/evpp
C C++;https://github.com/Microsoft/DirectXTK
C C++;https://github.com/sahaRatul/sela
C C++;https://github.com/flavio/qjson
C C++;https://github.com/kosua20/herebedragons
C C++;https://github.com/ycm-core/YouCompleteMe
C C++;https://github.com/corvusoft/restbed
C C++;https://github.com/cpp-taskflow/cpp-taskflow
C C++;https://github.com/Snaipe/libcsptr
C C++;https://github.com/codeplea/genann
C C++;https://github.com/sustrik/libmill/
C C++;https://github.com/tesseract-ocr
C C++;https://github.com/JuliaStrings/utf8proc
C C++;https://github.com/tgockel/json-voorhees
C C++;https://github.com/ANNetGPGPU/ANNetGPGPU
C C++;https://github.com/nmoinvaz/minizip
C C++;https://github.com/charto/nbind
C C++;https://github.com/gfx/cpp-TimSort
C C++;https://github.com/lefticus/cppbestpractices
C C++;https://github.com/fnc12/sqlite_orm
C C++;https://github.com/mitsuba-renderer/nanogui
C C++;https://github.com/PixarAnimationStudios/OpenSubdiv
C C++;https://github.com/stillwater-sc/universal
C C++;https://github.com/dafrito/luacxx
C C++;https://github.com/sheredom/utf8.h
C C++;https://github.com/g-truc/glm
C C++;https://github.com/microsoft/snmalloc
C C++;https://github.com/BayesWitnesses/m2cgen
C C++;https://github.com/dpilger26/NumCpp
C C++;https://github.com/libass/libass
C C++;https://github.com/billyquith/ponder
C C++;https://github.com/fmtlib/fmt
C C++;https://github.com/jarikomppa/soloud
C C++;https://github.com/nanopb/nanopb
C C++;https://github.com/real-logic/simple-binary-encoding
C C++;https://github.com/schlangster/cpp.react
C C++;https://github.com/ComputationalRadiationPhysics/cupla
C C++;https://github.com/nanodbc/nanodbc
C C++;https://github.com/ben-strasser/fast-cpp-csv-parser
C C++;https://github.com/ashaduri/csv-parser
C C++;https://github.com/brofield/simpleini
C C++;https://github.com/svaarala/duktape
C C++;https://github.com/rbock/sqlpp11
C C++;https://github.com/symisc/unqlite
C C++;https://github.com/p-ranav/indicators/
C C++;https://github.com/mattiasflodin/reckless
C C++;https://github.com/rigtorp/awesome-modern-cpp
C C++;https://github.com/robotology/yarp
C C++;https://github.com/ivansafrin/Polycode
C C++;https://github.com/JanVanRyswyck/awesome-talks
C C++;https://github.com/matt-42/vpp
C C++;https://github.com/psi4/psi4
C C++;https://github.com/scylladb/seastar
C C++;https://github.com/ValeevGroup/mpqc
C C++;https://github.com/OculusVR/RakNet
C C++;https://github.com/jorgen/json_struct
C C++;https://github.com/apple/swift-corelibs-libdispatch
C C++;https://github.com/chronoxor/CppServer
C C++;https://github.com/MattPD/cpplinks
C C++;https://github.com/sofa-framework/sofa
C C++;https://github.com/AustinBrunkhorst/CPP-Reflection
C C++;https://github.com/vsoftco/qpp
C C++;https://github.com/vczh-libraries/GacUI
C C++;https://github.com/rpclib/rpclib
C C++;https://github.com/ddemidov/vexcl
C C++;https://github.com/LukasBanana/LLGL
C C++;https://github.com/amir-s/jute
C C++;https://github.com/oneapi-src/oneDAL
C C++;https://github.com/taviso/ctypes.sh
C C++;https://github.com/protocolbuffers/protobuf
C C++;https://github.com/larspensjo/SimpleSignal
C C++;https://github.com/mattreecebentley/plf_nanotimer
C C++;https://github.com/ryanhaining/cppitertools
C C++;https://github.com/MADEAPPS/newton-dynamics
C C++;https://github.com/zxing/zxing/
C C++;https://github.com/ShiqiYu/libfacedetection
C C++;https://github.com/siu/minunit
C C++;https://github.com/facebook/wangle
C C++;https://github.com/bendiken/lmdbxx
C C++;https://github.com/sogou/workflow
C C++;https://github.com/Cogmasters/concord
C C++;https://github.com/jtilly/inih
C C++;https://github.com/an-tao/drogon
C C++;https://github.com/lcsmuller/json-build
C C++;https://github.com/ddemidov/amgcl
C C++;https://github.com/tayllan/awesome-algorithms
C C++;https://github.com/stotko/stdgpu
C C++;https://github.com/godotengine/godot
C C++;https://github.com/libcheck/check
C C++;https://github.com/jedisct1/libsodium
C C++;https://github.com/zeeev/wham
C C++;https://github.com/facebook/zstd
C C++;https://github.com/simbody/simbody
C C++;https://github.com/niXman/yas
C C++;https://github.com/cutelyst/cutelyst
C C++;https://github.com/twitter/vireo/
C C++;https://github.com/cameron314/readerwriterqueue
C C++;https://github.com/KjellKod/g3log
C C++;https://github.com/DaveGamble/cJSON
C C++;https://github.com/sumeetchhetri/ffead-cpp
C C++;https://github.com/arvidn/access_profiler
C C++;https://github.com/ivmai/bdwgc
C C++;https://github.com/tensorflow/tensorflow
C C++;https://github.com/google/ion
C C++;https://github.com/zeroc-ice/ice
C C++;https://github.com/hjiang/jsonxx
C C++;https://github.com/libarchive/libarchive
C C++;https://github.com/facebook/infer
C C++;https://github.com/nsf/termbox
C C++;https://github.com/tboox/tbox
C C++;https://github.com/chriskohlhoff/asio/
C C++;https://github.com/Cyan4973/FiniteStateEntropy
C C++;https://github.com/google/marl
C C++;https://github.com/mtrebi/memory-allocators
C C++;https://github.com/ArthurSonzogni/FTXUI
C C++;https://github.com/redis/hiredis
C C++;https://github.com/hanickadot/compile-time-regular-expressions
C C++;https://github.com/leafsr/gcc-poison
C C++;https://github.com/akheron/jansson
C C++;https://github.com/unittest-cpp/unittest-cpp
C C++;https://github.com/symengine/symengine
C C++;https://github.com/attractivechaos/klib
C C++;https://github.com/jeaye/color_coded
C C++;https://github.com/shogun-toolbox/shogun
C C++;https://github.com/richgel999/miniz
C C++;https://github.com/mandreyel/mio
C C++;https://github.com/devsisters/libquic
C C++;https://github.com/libgd/libgd
C C++;https://github.com/riolet/WAFer
C C++;https://github.com/docopt/docopt.cpp
C C++;https://github.com/ARMmbed/mbedtls
C C++;https://github.com/wjwwood/serial
C C++;https://github.com/h2non/semver.c
C C++;https://github.com/microsoft/mimalloc
C C++;https://github.com/CppCon/CppCon2020
C C++;https://github.com/oclint/oclint
C C++;https://github.com/ldionne/hana-cppnow-2015
C C++;https://github.com/actor-framework/actor-framework
C C++;https://github.com/chronoxor/FastBinaryEncoding
C C++;https://github.com/lemire/simdjson
C C++;https://github.com/antirez/smaz
C C++;https://github.com/facebook/rocksdb
C C++;https://github.com/moderngpu/moderngpu
C C++;https://github.com/FidoProject/Fido
C C++;https://github.com/libtom/libtommath
C C++;https://github.com/google/tcmalloc
C C++;https://github.com/lzfse/lzfse
C C++;https://github.com/libtom/libtomcrypt
C C++;https://github.com/aleksandar-todorovic/awesome-c
C C++;https://github.com/cycfi/elements
C C++;https://github.com/juniandotnet/cpp-awesome-pack
C C++;https://github.com/whoshuu/cpr
C C++;https://github.com/LiamBindle/MQTT-C
C C++;https://github.com/json-c/json-c
C C++;https://github.com/kazuho/picojson
C C++;https://github.com/jupyter-xeus/cpp-terminal
C C++;https://github.com/bombela/backward-cpp
C C++;https://github.com/CppCon/CppCon2015
C C++;https://github.com/Itseez/opencv
C C++;https://github.com/nCine/nCine
C C++;https://github.com/GarageGames/Torque2D
C C++;https://github.com/electronicarts/EASTL
C C++;https://github.com/isocpp/CppCoreGuidelines
C C++;https://github.com/catchorg/Clara
C C++;https://github.com/sharkdp/dbg-macro
C C++;https://github.com/Microsoft/cpprestsdk
C C++;https://github.com/abseil/abseil-cpp
C C++;https://github.com/protobuf-c/protobuf-c
C C++;https://github.com/nothings/single_file_libs
C C++;https://github.com/google/skia
C C++;https://github.com/Neargye/nameof
C C++;https://github.com/xorz57/forest
